# Clauses,# Literals,Time (ms),Input size
1,1,0.043500005,3
2,2,0.012000004,19.4
4,4,0.004000007,98.8
8,8,0.004999997,478.4
16,16,0.005999993,1835.2
32,32,0.018000003,7702.4
64,64,0.0535,31910.4
128,128,0.182999991,125376
256,256,0.669999991,494873.6
512,512,2.315999998,1935974.4
1024,1024,8.986000012,7941017.6
2048,2048,34.32349999,31660646.4
4096,4096,130.2445,125673881.6
8192,8192,539.459,502276096
